Date,NumberOfTickerMentions,Ticker,Title,Vader Neg,Vader Neut,Vader Pos,textblob Negative,textblob Neut,textblob Positive
2021-04-16,15.0,GME,GME YOLO update ‚Äî Apr 16 2021 ‚Äî final update,57.0,286.0,154.0,99.0,240.0,158.0
2021-04-24,3.0,GME,Why am I still holding? I'm an Apeman.,39.0,214.0,242.0,79.0,166.0,250.0
2021-04-17,4.0,GME,Tbh I only trust retards.,72.0,260.0,125.0,86.0,240.0,131.0
2021-04-16,13.0,GME,Cheers everyone!,47.0,256.0,194.0,73.0,216.0,208.0
2021-04-14,8.0,GME,We like the stock,71.0,254.0,159.0,85.0,234.0,165.0
2021-04-24,7.0,GME,I bought 1 share of Blockbusterüåö,50.0,272.0,179.0,79.0,250.0,172.0
2021-05-06,1.0,GME,When will the dip dip???,58.0,282.0,136.0,73.0,249.0,154.0
2021-05-05,11.0,GME,Monster Crash,89.0,283.0,125.0,96.0,215.0,186.0
2021-04-27,6.0,GME,Markets crash every time Oreo releases an even greater-stuffed cookie,67.0,303.0,128.0,93.0,218.0,187.0
2021-05-12,10.0,GME,Every time I follow anybody else‚Äôs trading idea,70.0,237.0,142.0,82.0,195.0,172.0
2021-05-05,31.0,GME,VLAD,51.0,237.0,104.0,64.0,200.0,128.0
2021-05-13,1.0,GME,Red crayons are our favorite,41.0,287.0,144.0,45.0,253.0,174.0
2021-04-22,1.0,GME,[LEAKED] WSB Top Minds Developing DD,45.0,273.0,134.0,66.0,250.0,136.0
2021-05-02,2.0,GME,WSB analyzes some charts,76.0,291.0,131.0,66.0,256.0,176.0
2021-04-30,2.0,GME,Light em up,72.0,308.0,118.0,94.0,225.0,179.0
2021-05-07,7.0,GME,When DFV posts literally anything,55.0,257.0,145.0,85.0,203.0,169.0
2021-04-26,15.0,GME,$GME squeeze incoming,63.0,274.0,161.0,79.0,244.0,175.0
2021-05-06,5.0,GME,The Insurrection of the Apes,60.0,271.0,135.0,79.0,211.0,176.0
2021-04-21,2.0,GME,What would you say you do here?,53.0,242.0,118.0,60.0,197.0,156.0
2021-04-29,1.0,GME,First time buying options be like...,96.0,283.0,117.0,114.0,201.0,181.0
2021-05-11,1.0,GME,My portfolio the last week be like:,85.0,259.0,131.0,109.0,225.0,141.0
2021-04-25,3.0,GME,EX-SHITADEL EMPLOYEE ON SHADY DARKPOOL ACTIVITIES,90.0,274.0,134.0,121.0,172.0,205.0
2021-05-06,17.0,GME,We‚Äôve been compromised!,76.0,305.0,115.0,97.0,214.0,185.0
2021-04-21,8.0,GME,"""Retail investors are ruining the market""",85.0,184.0,129.0,101.0,136.0,161.0
2021-05-10,16.0,GME,Reviewing my GME investment,64.0,253.0,158.0,77.0,203.0,195.0
2021-05-10,4.0,GME,Me tomorrow after PLTR earnings,73.0,274.0,125.0,115.0,228.0,129.0
2021-04-20,8.0,GME,I said I‚Äôd buy more so I did. I will buy more.,64.0,249.0,138.0,74.0,235.0,142.0
2021-05-03,6.0,GME,Heard it cost 200k in losses to join this group. This is my application.,74.0,237.0,189.0,80.0,252.0,168.0
2021-04-26,3.0,GME,Even the smallest person can change the course of the future.,54.0,233.0,151.0,57.0,226.0,155.0
2021-05-06,9.0,GME,No FOMO,61.0,261.0,154.0,68.0,212.0,196.0
2021-04-15,4.0,GME,Massachusetts regulators seek to revoke Robinhood's license; brokerage sues.,88.0,302.0,107.0,128.0,172.0,197.0
2021-04-26,3.0,GME,I became an MVIS Millionaire Today!,63.0,267.0,168.0,105.0,214.0,179.0
2021-05-11,4.0,GME,$RBLX holders,75.0,240.0,149.0,116.0,197.0,151.0
2021-04-27,2.0,GME,Never bet against the doctor,59.0,250.0,145.0,80.0,167.0,207.0
2021-05-07,1.0,GME,Long af $BABA,86.0,257.0,114.0,118.0,211.0,128.0
2021-05-11,10.0,GME,My experience after buying a stock because of a redditor‚Äôs DD,50.0,289.0,118.0,88.0,214.0,155.0
2021-04-27,19.0,GME,"GameStop raises $551 million to accelerate e-commerce push, shares jump",64.0,248.0,176.0,100.0,202.0,186.0
2021-04-29,8.0,GME,For the GME GANG that bought at $480. Thank you for being our support level,59.0,287.0,152.0,102.0,220.0,176.0
2021-04-14,1.0,GME,"GME Megathread for April 14, 2021",83.0,260.0,152.0,98.0,193.0,204.0
2021-04-17,7.0,GME,Welcome to Wallstreetbets,73.0,193.0,72.0,79.0,165.0,94.0
2021-05-13,16.0,GME,We are at it again Apes,81.0,273.0,145.0,83.0,264.0,152.0
2021-04-18,3.0,GME,Markets are at all time highs and I still managed to lose 3200 on Friday in expired Calls with more losses upcoming Friday.,72.0,253.0,129.0,99.0,173.0,182.0
2021-05-09,20.0,GME,Mods have stood down.. Lets re-light this candle retail!!,69.0,276.0,120.0,81.0,246.0,138.0
2021-04-16,2.0,GME,"GME Megathread for April 16, 2021",93.0,262.0,137.0,128.0,179.0,185.0
2021-04-15,3.0,GME,"GME Megathread for April 15, 2021",79.0,252.0,165.0,110.0,180.0,206.0
2021-04-29,3.0,GME,Yolo'd 230k into $MNMD while on Shrooms.,62.0,269.0,168.0,84.0,221.0,194.0
2021-05-07,5.0,GME,That's right,71.0,299.0,109.0,75.0,275.0,129.0
2021-05-04,2.0,GME,May the Fourth Be With You,46.0,190.0,83.0,45.0,197.0,77.0
2021-05-04,5.0,GME,Get a hold of yourself Yellen,65.0,236.0,141.0,67.0,191.0,184.0
2021-04-20,1.0,GME,It‚Äôs all about perspective #lossporn,38.0,174.0,82.0,49.0,147.0,98.0
2021-05-03,2.0,GME,$MSFT Infinite Money Glitch üöÄüöÄüöÄ,60.0,266.0,123.0,75.0,220.0,154.0
2021-05-11,17.0,GME,I bought more. I will buy more.,84.0,260.0,130.0,101.0,193.0,180.0
2021-05-03,6.0,GME,The Lost SEC filing from Citadel LLC,41.0,163.0,53.0,47.0,150.0,60.0
2021-04-30,3.0,GME,I analyzed all the Motley Fool Premium recommendations since 2013 and benchmarked them against S&P500 returns. Here are the results!,78.0,264.0,156.0,87.0,183.0,228.0
2021-04-16,27.0,GME,The squeeze is still on right guys?,60.0,279.0,159.0,111.0,230.0,157.0
2021-05-08,3.0,GME,GME 2¬Ω: The smell of pointless memeing,52.0,183.0,97.0,55.0,161.0,116.0
2021-05-01,8.0,GME,"Most Anticipated Earnings Releases for the week beginning May 3rd, 2021",56.0,290.0,148.0,78.0,248.0,168.0
2021-04-19,11.0,GME,GameStop Announces Chief Executive Officer Succession Plan,44.0,271.0,136.0,70.0,221.0,160.0
2021-04-19,1.0,GME,"Cramer: ""It has a gigantic short position... AVOID this battleground stock..""",70.0,270.0,157.0,85.0,249.0,163.0
2021-04-22,4.0,GME,All-in MVIS before it was cool,57.0,252.0,181.0,90.0,213.0,187.0
2021-04-28,2.0,GME,We've got u/zjz surrounded,33.0,176.0,97.0,59.0,152.0,95.0
2021-04-27,12.0,GME,When I wake up and see my investment in MVIS,62.0,255.0,147.0,78.0,222.0,164.0
2021-04-19,1.0,GME,Scam Alert: Wallstreetbets Telegram / Crypto,84.0,222.0,108.0,95.0,162.0,157.0
2021-05-06,4.0,GME,Got my first letter from Fidelity asking if I was actually retarded,76.0,251.0,144.0,112.0,198.0,161.0
2021-05-10,3.0,GME,I'm looking forward to Tuesday,50.0,260.0,136.0,56.0,220.0,170.0
2021-04-14,7.0,GME,On Crypto.,77.0,270.0,147.0,101.0,230.0,163.0
2021-04-15,4.0,GME,Subtitles are hard but Hedge Funds like to fuck investors harder.,38.0,156.0,110.0,46.0,128.0,130.0
2021-05-06,17.0,GME,"US Congress on today's GameStop hearing: ""We've learned that Reddit is powerful. We've learned that Roaring Kitty (DFV) is INDEED NOT A CAT"" üíéüôåüöÄüöÄüöÄ",69.0,225.0,131.0,82.0,174.0,169.0
2021-05-07,7.0,GME,4 years ago I yolo‚Äôd my life savings in AMZN. Hooked ever since. Do your DD and üíéüíÖüèª (lady ape here),47.0,210.0,190.0,86.0,168.0,193.0
2021-04-16,4.0,GME,"If he's still in, I'm not fucking leaving üíé",37.0,154.0,65.0,46.0,137.0,73.0
2021-05-10,21.0,GME,GME Great investment! Bought 600 more shares on my second account. 1600 shares in total! Life is great!,57.0,268.0,168.0,81.0,229.0,183.0
2021-04-27,1.0,GME,MindMed on CNN. People are slowly realizing the potential. $MNMD,65.0,262.0,166.0,91.0,180.0,222.0
2021-04-16,10.0,GME,GME YOLO my second mortgage. 35k to 5mil to 300k to 1.6mil. Exercised all my calls!,64.0,221.0,116.0,98.0,180.0,123.0
2021-05-05,5.0,GME,Ran into this at work. To the moon!,36.0,158.0,89.0,30.0,147.0,106.0
2021-04-14,22.0,GME,AMC CEO PLEDGES AND WILL FILE THAT THEY WILL NOT SELL A SINGLE SHARE OF THE POTENTIAL NEW 500 MILLION AMC SHARES ISSUED,54.0,260.0,162.0,109.0,165.0,202.0
2021-04-21,3.0,GME,143k Yolo on MVIS. Down 50% so you know it‚Äôs good.,66.0,245.0,154.0,103.0,202.0,160.0
2021-05-09,5.0,GME,Spongebob's Take on GME,19.0,84.0,48.0,25.0,71.0,55.0
2021-04-24,1.0,GME,How I imagine a weekend meeting between Melvin and Citadel:,25.0,119.0,92.0,28.0,101.0,107.0
2021-04-30,15.0,GME,All in #GME,55.0,253.0,138.0,88.0,220.0,138.0
2021-04-27,4.0,GME,shout out to u/meiggs who accidentally bought 50k worth of GMED a month ago and is now up more than 15%,37.0,138.0,91.0,31.0,113.0,122.0
2021-04-14,1.0,GME,"'COIN' gifted $25,000 in stocks to all 1700 employees ahead of IPO",65.0,230.0,151.0,66.0,200.0,180.0
2021-05-07,9.0,GME,"God Tier DD, Buy NOW & Get Rich Monday",76.0,257.0,136.0,86.0,206.0,177.0
2021-05-02,21.0,GME,GME Yolo. What could go wrong?,95.0,253.0,131.0,130.0,192.0,157.0
2021-04-18,6.0,GME,I analyzed all 700+ buy and sell recommendations made by Jim Cramer in 2021. Here are the results.,85.0,237.0,132.0,93.0,182.0,179.0
2021-04-28,23.0,GME,I heard you like GME July 800 calls? $366K ought to do it...,90.0,256.0,153.0,109.0,209.0,181.0
2021-05-13,7.0,GME,"AMC Entertainment Holdings, Inc. Completes 43 Million Share At-The-Market Equity Offering and Raises $428 Million in Additional Equity Capital",51.0,273.0,174.0,91.0,243.0,164.0
2021-05-11,1.0,GME,SCARED MONEY DONT MAKE MONEY,36.0,98.0,58.0,33.0,83.0,76.0
2021-04-23,1.0,GME,Ken Griffen and his precious shorts,27.0,102.0,73.0,36.0,95.0,71.0
2021-04-28,2.0,GME,MVIS | MicroVision Announces Completion of its Long-Range Lidar Sensor A-Sample Hardware and Development Platform,55.0,269.0,175.0,70.0,241.0,188.0
2021-05-07,25.0,GME,GME & AMC v Poor Ken ü•≤,61.0,184.0,114.0,60.0,158.0,141.0
2021-04-19,1.0,GME,U.S. House of Representatives approves cannabis banking bill.,40.0,226.0,101.0,77.0,171.0,119.0
2021-05-06,17.0,GME,"100% concentration, all in GME! Final purchase, again..",62.0,240.0,159.0,79.0,233.0,149.0
2021-04-19,23.0,GME,"$32,000 GME YOLO üöÄüöÄüöÄüöÄ (repost because I'm retarded)",22.0,153.0,72.0,57.0,117.0,73.0
2021-04-26,3.0,GME,Me trying to convince my family to invest using WSB DD,14.0,80.0,28.0,19.0,56.0,47.0
2021-04-30,19.0,GME,"GME is back on the menu, $33k YOLO.",48.0,219.0,111.0,60.0,204.0,114.0
2021-04-26,6.0,GME,The Fellowship of the $GME üöÄ,28.0,131.0,75.0,32.0,120.0,82.0
2021-04-16,4.0,GME,GME - 5000% 4/16 30c - Exercising it,23.0,119.0,62.0,37.0,100.0,67.0
2021-05-12,1.0,GME,(O.C) Message to the bears.,53.0,182.0,107.0,61.0,135.0,146.0
2021-05-06,4.0,GME,Did Vlad do a perjury?,81.0,219.0,80.0,92.0,176.0,112.0
2021-04-16,1.0,GME,"In honor of DFV Day, iv exercised and holding my tendies too üöÄüöÄüöÄ",16.0,62.0,20.0,19.0,54.0,25.0
2021-04-17,7.0,GME,Who wants to trade the 100 year chart with me? Market crash confirmed next week or 1 year from now xd.,69.0,291.0,136.0,96.0,199.0,201.0
2021-04-29,1.0,GME,Just your usual WSB degenerate gambler,17.0,92.0,47.0,23.0,89.0,44.0
2021-04-27,1.0,GME,"Et tu, MVIS?",50.0,202.0,98.0,77.0,142.0,131.0
2021-04-15,12.0,GME,RE: On Crypto,114.0,282.0,99.0,126.0,196.0,173.0
2021-05-04,1.0,GME,Bought APPL in my early 20's Can't wait for that early retirement,67.0,213.0,157.0,78.0,165.0,194.0
2021-04-23,24.0,GME,$GME Technical Analysis,65.0,264.0,171.0,109.0,191.0,200.0
2021-04-26,30.0,GME,Market sentiment and Technicals are indicating that $GME and $AMC are about to experience a third Bull run.,74.0,243.0,106.0,77.0,217.0,129.0
2021-04-19,8.0,GME,Stock Shorts Collapse as No Hedge Fund Wants ‚ÄòHead Ripped Off‚Äô,66.0,246.0,85.0,90.0,169.0,138.0
2021-05-10,5.0,GME,ARK buys the dip,67.0,255.0,112.0,104.0,178.0,152.0
2021-04-30,13.0,GME,To the WSB degenerate who introduced me to this stock and wrote out a persuasive DD. Fuck you and thank you for the lesson. My starting cost basis was $10.50 and I tripled down.,81.0,225.0,130.0,112.0,168.0,156.0
2021-05-12,24.0,GME,Bought more GME cuz I‚Äôm retarded.,49.0,217.0,134.0,76.0,163.0,161.0
2021-04-26,10.0,GME,$GME Technical Analysis: Waves go Brrr,51.0,252.0,120.0,61.0,233.0,129.0
2021-05-02,7.0,GME,Why I think the market will see a 30-50% correction by September,89.0,291.0,119.0,115.0,190.0,194.0
2021-05-06,7.0,GME,Schwab gently suggests maybe options trading isn‚Äôt for me(-$327K)... crushed an otherwise great year,78.0,270.0,144.0,96.0,202.0,194.0
2021-04-22,7.0,GME,"From $160K to $3.2M: Current YOLOs on GENI, VIAC, CC",68.0,268.0,122.0,91.0,225.0,142.0
2021-04-25,8.0,GME,Hedge Fund IPM Closes After Losing $4 Billion in Pandemic,65.0,193.0,75.0,77.0,154.0,102.0
2021-05-07,2.0,GME,"Yolo‚Äôd my 401k inheritance, my wife‚Äôs 401k and savings on a retirement plan PLTR",77.0,242.0,145.0,101.0,189.0,174.0
2021-04-20,9.0,GME,"Dip bought, remainder of cash gone! Time to wait...",25.0,74.0,46.0,25.0,74.0,46.0
2021-04-22,3.0,GME,Stocks sink after report says Biden will propose higher capital gains tax on the wealthy. Fuck my PLTR calls RIP,80.0,276.0,142.0,126.0,146.0,226.0
2021-05-03,1.0,GME,Anyone else enjoy their Monday as much as I did?,83.0,223.0,155.0,95.0,179.0,187.0
2021-04-17,4.0,GME,$AMC Positions 4/17/21 and Bikini Photo ü•≥ Apes Let‚Äôs GO!! üç∏üçπü•Çüíéüôå,25.0,133.0,74.0,32.0,131.0,69.0
2021-04-26,3.0,GME,"Holding $MVIS since .74 and $OCGN at 1.7 then added 5,000 more shares over past 2 months",36.0,222.0,183.0,62.0,214.0,165.0
2021-05-13,4.0,GME,A New Power Is Rising,56.0,161.0,92.0,45.0,176.0,88.0
2021-04-22,1.0,GME,SEC considering more transparent derivatives and short selling rules,22.0,94.0,45.0,37.0,59.0,65.0
2021-05-10,2.0,GME,Beauty is in the eye of the beholder.,13.0,87.0,56.0,26.0,65.0,65.0
2021-05-06,13.0,GME,"AMC's CEO would Donate $50,000 to match AMC's contribution to Dian Fossey Gorilla Fund",32.0,121.0,83.0,41.0,85.0,110.0
2021-04-23,2.0,GME,Co-Founder Of Hedge Fund Charged With $40 Million Securities Fraud Scheme | USAO-SDNY,44.0,103.0,45.0,41.0,95.0,56.0
2021-04-14,14.0,GME,I'm here to trade this in for my banana credits! Exercised my first contracts!,31.0,126.0,101.0,51.0,101.0,106.0
2021-04-26,9.0,GME,"I Will Own GameStop - Update APR 26, 2021 (things are about to get interesting, I think) | 11% Increase from Last Week",19.0,96.0,56.0,19.0,93.0,59.0
2021-05-12,3.0,GME,Does anyone else feel nervous as hell about making any substantial moves right now?,85.0,266.0,136.0,126.0,176.0,185.0
2021-04-26,3.0,GME,"20,000 shares @ $1.90 üöÄüöÄüöÄüöÄüöÄüöÄüöÄüöÄüñïüêªüñïü§°üíéüôå",33.0,165.0,96.0,48.0,146.0,100.0
2021-04-14,2.0,GME,U.S. Senate votes 53-45 to confirm Gary Gensler as Biden's SEC chief,56.0,192.0,101.0,88.0,121.0,140.0
2021-04-14,1.0,GME,"Ponzi schemer Bernie Madoff has died in a federal prison, believed to be from natural causes",71.0,235.0,111.0,82.0,187.0,148.0
2021-05-06,2.0,GME,Mods: SIKE!,19.0,71.0,38.0,19.0,63.0,46.0
2021-04-27,1.0,GME,Dimitri finds out MNMD got uplisted.,14.0,75.0,38.0,26.0,60.0,41.0
2021-04-26,28.0,GME,Remember Gamestop's share offering? It closed today.,25.0,187.0,94.0,53.0,135.0,118.0
2021-04-16,3.0,GME,Happy DFV day y‚Äôall,4.0,26.0,22.0,9.0,24.0,19.0
2021-04-17,34.0,GME,WSB discussion today,55.0,201.0,107.0,57.0,177.0,129.0
2021-04-30,1.0,GME,TIME TO DELETE MY TWITTER ACCOUNT üíÄ,55.0,139.0,79.0,61.0,120.0,92.0
2021-05-02,7.0,GME,Finally consolidated my RH shares over to Fidelity to qualify for a YOLO GME post üíéüëäü¶ç4üëâ,33.0,164.0,85.0,50.0,140.0,92.0
2021-05-04,8.0,GME,Toxic Asset,38.0,175.0,77.0,50.0,144.0,96.0
2021-04-22,3.0,GME,Weekly AMC YOLO update - holding,47.0,150.0,96.0,56.0,137.0,100.0
2021-04-27,13.0,GME,Gamestop sold 3.5m sales for $551m - too little number of shares for the shorts and the company is now in a better shape than ever!!,18.0,95.0,64.0,31.0,63.0,83.0
2021-05-08,2.0,GME,üíéüôåüèªüíéNOWS YOUR CHANCEüíéüôåüèªüíé,24.0,88.0,47.0,29.0,78.0,52.0
2021-04-29,1.0,GME,To the Guy who decided to Short the country of South Africa,76.0,257.0,131.0,92.0,188.0,184.0
2021-04-28,5.0,GME,240k CLOV YOLO,53.0,241.0,153.0,79.0,247.0,121.0
2021-05-11,3.0,GME,Postponing my marriage and house purchase. Thank you $PLTR and $DMTK. ü§°,75.0,256.0,126.0,94.0,171.0,192.0
2021-05-03,6.0,GME,Robinhood was paid over $330 million for order flow,72.0,170.0,101.0,83.0,113.0,147.0
2021-05-07,4.0,GME,Bill Gates liquidating stock in the form of divorce,73.0,264.0,137.0,90.0,191.0,193.0
2021-04-14,11.0,GME,"I aped all my money into COIN, can I join your retard club?",71.0,226.0,114.0,103.0,158.0,150.0
2021-04-14,1.0,GME,NVIDIA YOLO lets gooo not bad for one month,39.0,138.0,80.0,49.0,99.0,109.0
2021-04-28,5.0,GME,1MM if $GME hits $1100 on Friday üòÄ,79.0,244.0,130.0,95.0,220.0,138.0
2021-04-28,1.0,GME,"MindMed ($MNMD) CEO on going public: ‚ÄúBut at the end of the day, people make markets.‚Äù",34.0,196.0,161.0,71.0,169.0,151.0
2021-05-01,39.0,GME,I'd like an order of GME tendies with a side of GME thetagang tendies,44.0,165.0,89.0,63.0,115.0,120.0
2021-04-27,23.0,GME,Yoled everything on GME. I believe the price will continue to go up.,74.0,245.0,135.0,109.0,201.0,144.0
2021-04-17,3.0,GME,SPY 6/19 $420 LEAPs - bought for $0.69. 1100% Gain,29.0,123.0,74.0,40.0,103.0,83.0
2021-04-15,11.0,GME,"Still buying more! Also cashed in my IRA to go full retard on GME in my vanguard account. I know we shouldn‚Äôt post positions, but fuck HFs, I‚Äôm hear to inspire fellow autists. Don‚Äôt be scared of their silly attacks. And yes, I‚Äôm leaving RH after the squeeze has squoze. Love you fucks !",37.0,113.0,50.0,64.0,73.0,63.0
2021-05-11,3.0,GME,Important Connection Between UFOs and Defense Stocks. *PLEASE READ I BEG OF YOU*,76.0,257.0,165.0,118.0,172.0,208.0
2021-05-10,1.0,GME,Me holding PLTR rn,20.0,138.0,67.0,38.0,103.0,84.0
2021-05-06,3.0,GME,"Not quite food stamps, but definitely not a lambo... ü§°",88.0,238.0,120.0,107.0,195.0,144.0
2021-04-28,1.0,GME,I think this sub has forgotten the way of FD's yolos. Let me show you youngsters how it's done.,51.0,202.0,81.0,66.0,176.0,92.0
2021-04-25,1.0,GME,Diversification is for pussies,31.0,91.0,26.0,30.0,83.0,35.0
2021-04-21,10.0,GME,Lord Cohen giveth and he taketh away,55.0,227.0,126.0,91.0,186.0,131.0
2021-04-28,10.0,GME,Entire life savings into AMC Calls,69.0,244.0,153.0,109.0,193.0,164.0
2021-04-16,4.0,GME,Just got my retard badge,25.0,87.0,49.0,46.0,65.0,50.0
2021-05-06,12.0,GME,GME 80K Retirement Savings YOLO - What Could Go Wrong?,42.0,132.0,89.0,58.0,107.0,98.0
2021-04-19,4.0,GME,"YOLOing my $30k house down payment on AAPL and CLOV, bank said I can't buy house for 3 months after forbearance.",59.0,205.0,128.0,66.0,166.0,160.0
2021-05-11,1.0,GME,Yolo'd into Tesla at $77.20 ATHs in 2018. Held right through,16.0,66.0,47.0,34.0,38.0,57.0
2021-04-15,1.0,GME,"Perfectly balanced, as all things should be.",11.0,41.0,31.0,22.0,31.0,30.0
2021-04-20,5.0,GME,MVIS YOLO Update #1: Still in it to win it. Microvision tech will finally help me see my micropenis,42.0,205.0,129.0,61.0,170.0,145.0
2021-04-18,21.0,GME,CLOV DD - No Bullshit,75.0,265.0,153.0,104.0,232.0,157.0
2021-04-25,1.0,GME,$1.4m all in MVIS Yolo -Thursday lidar update,50.0,269.0,179.0,76.0,259.0,163.0
2021-05-10,30.0,GME,AMC SHORT INTEREST SKYROCKETING! üò≥,63.0,241.0,158.0,96.0,198.0,168.0
2021-05-13,4.0,GME,Ground Control to Major Tom üöÄ,20.0,61.0,35.0,17.0,68.0,31.0
2021-04-19,7.0,GME,Borrow rate cranked from 18.3 to 19.6 this morning on AMC.,19.0,88.0,51.0,25.0,63.0,70.0
2021-04-27,1.0,GME,MNMD FOCUSSS (soon my first 100k EVER in lifee)üöÄüöÄüî•üî•,46.0,223.0,110.0,63.0,213.0,103.0
2021-04-21,10.0,GME,"All in on MVIS, let's do this. üöÄüöÄüöÄ",46.0,175.0,120.0,56.0,163.0,122.0
2021-04-15,7.0,GME,$1.1M YOLO on $MVIS at 11.49 average,48.0,201.0,169.0,71.0,173.0,174.0
2021-04-20,11.0,GME,"$AMC $GME 100-300% MARGIN AT SCHWAB for Wed 4/21, $AMC YOLO",19.0,89.0,58.0,24.0,72.0,70.0
2021-04-14,1.0,GME,Edward Woo from Ascendiant and his $10 price target can kiss my hairy gorilla ass! üíéüëäüöÄ,10.0,50.0,15.0,9.0,42.0,24.0
2021-04-16,5.0,GME,-99.99% I shall now take my seat on the throne of autism ü¶çü¶çü¶ç,36.0,108.0,45.0,34.0,117.0,38.0
2021-04-15,4.0,GME,75K yolo in GME average of 80.... on this account XD,12.0,46.0,45.0,19.0,39.0,45.0
2021-04-24,5.0,GME,"Most Anticipated Earnings Releases for the week beginning April 26th, 2021",53.0,265.0,139.0,72.0,234.0,151.0
2021-04-26,6.0,GME,MVIS update...lets get it BOYs!!!,51.0,256.0,134.0,78.0,186.0,177.0
2021-05-04,9.0,GME,Still like this silly stock. No idea why. And just made my transfer out of RH to schwab. So now it‚Äôll probably moon...science.,19.0,87.0,70.0,20.0,82.0,74.0
2021-05-04,1.0,GME,Normal day on wsb (last upload try),9.0,60.0,23.0,21.0,36.0,35.0
2021-05-07,9.0,GME,GameStop: Endgame,29.0,88.0,49.0,38.0,71.0,57.0
2021-04-23,9.0,GME,"Literally everyone across the reddit trading community talking about $MVIS, what are we supposedly talking about according to CNBC? Short squeezing $SKLZ",81.0,218.0,115.0,108.0,158.0,148.0
2021-04-20,1.0,GME,George Floyd Play of the Century,100.0,256.0,136.0,150.0,200.0,142.0
2021-05-12,1.0,GME,My first ever PUT options were a Success! Up $25k in a day. What a ride. üòÑ,40.0,178.0,126.0,58.0,127.0,159.0
2021-05-13,22.0,GME,WSB right now!!,26.0,94.0,37.0,35.0,65.0,57.0
2021-04-27,1.0,GME,MNMD busting through the gates on NASDAQ UPLIST üçÑ‚ú®üåï,24.0,160.0,76.0,36.0,145.0,79.0
2021-04-26,10.0,GME,BlackBerry Stock Is a Top Turnaround Play,41.0,237.0,170.0,85.0,194.0,169.0
2021-04-26,2.0,GME,We're posting MVIS gains? We'll here's mine.,33.0,160.0,83.0,54.0,129.0,93.0
2021-05-07,1.0,GME,Logging into your tech-heavy portfolio for the first time in a week,17.0,57.0,33.0,22.0,52.0,33.0
2021-05-01,1.0,GME,"Happy (upcoming) 10 Mil degenerate, WSB! Here‚Äôs my gift for that occasion: Eminem‚Äôs Stan as WSBettor, enjoy the full version",14.0,69.0,62.0,24.0,61.0,60.0
2021-04-15,17.0,GME,AMC filed with the SEC its promise not to issue any of the 500m shares if authorized in 2021 - but what does this really mean?,22.0,102.0,76.0,42.0,55.0,103.0
2021-05-03,1.0,GME,$NOK $NOK I‚Äôm back from the dead!,21.0,133.0,71.0,43.0,118.0,64.0
2021-04-29,3.0,GME,Nokia (NOK) IS BACK! (Beats all expectations),46.0,226.0,115.0,66.0,190.0,131.0
2021-05-10,1.0,GME,Do YOU think its gonna moon?,14.0,56.0,23.0,17.0,57.0,19.0
2021-04-23,7.0,GME,I thought stocks only went up guys,84.0,275.0,99.0,128.0,225.0,105.0
2021-05-10,2.0,GME,"Apple during dotcom bubble vs tesla now, margin debt at all time highs and huge speculation in the markets",67.0,248.0,156.0,102.0,158.0,211.0
2021-04-14,13.0,GME,Picked up some calls during those dips this week. They looking good today,17.0,107.0,67.0,31.0,77.0,83.0
2021-04-27,5.0,GME,MNMD $3.2 million bought yesterday,28.0,119.0,73.0,31.0,122.0,67.0
2021-05-05,3.0,GME,House Dems consider ban on payment for order flow,61.0,201.0,87.0,92.0,93.0,164.0
2021-04-26,13.0,GME,MVIS - been on the mvis Yolo game for a while with my üíéHANDs. Don‚Äôt miss out on this trip to the moon. I LOVE this Stonk!,42.0,229.0,117.0,81.0,170.0,137.0
2021-04-21,2.0,GME,10 million strong,24.0,90.0,48.0,33.0,68.0,61.0
2021-04-29,4.0,GME,Sometimes timing the market works. Made $50k on $MVIS in 6 days (shares only),57.0,234.0,151.0,91.0,176.0,175.0
2021-05-13,2.0,GME,YOLO: I switched jobs in January and just yolod my retirement into GME,25.0,131.0,72.0,36.0,101.0,91.0
2021-04-15,12.0,GME,"First time trusting DD, never again",51.0,170.0,95.0,61.0,123.0,132.0
2021-05-11,13.0,GME,I will keep on buying no matter what!,31.0,106.0,53.0,34.0,90.0,66.0
2021-04-28,2.0,GME,A bearish-ish case for MindMed,47.0,244.0,146.0,77.0,133.0,227.0
2021-04-22,11.0,GME,See I‚Äôm smart I picked contracts 1 week after DFVs expiration so I can lose even more money üí™,51.0,137.0,68.0,48.0,122.0,86.0
2021-04-28,2.0,GME,CLOV - Over $1M In and I‚Äôm Not Going Anywhere,21.0,136.0,76.0,33.0,134.0,66.0
2021-05-03,2.0,GME,MindMed ($MNMD) and the upcoming Psychedelics #ShroomBoom üçÑ,55.0,235.0,137.0,77.0,192.0,158.0
2021-05-05,2.0,GME,GameStop Victories Now Include S&P Credit Upgrade (B Rating),11.0,39.0,29.0,13.0,34.0,32.0
2021-04-17,14.0,GME,The Lucky Clover üçÄ,44.0,201.0,108.0,67.0,138.0,148.0
2021-05-11,1.0,GME,Made a bit off apple and put some back into game stop. We at this side of the world is all for GME.,8.0,59.0,30.0,18.0,49.0,30.0
2021-04-26,6.0,GME,DD: GME Implied Volatility Update - Trend is Lower,34.0,98.0,58.0,36.0,94.0,60.0
2021-05-13,5.0,GME,"I, too, YOLO'D my retirement account into GME when I switched jobs. PICK ME UP ON THE WAY TO THE MOON PLS",36.0,113.0,79.0,49.0,105.0,74.0
2021-05-10,3.0,GME,"When you‚Äôre desperately trying to sell your sinking SPY position, but RH won‚Äôt let you due to ‚Äúinsufficient overnight funds.‚Äù",71.0,158.0,68.0,80.0,109.0,108.0
2021-04-16,4.0,GME,I counted all the GME Yolos Part 3,28.0,189.0,144.0,37.0,224.0,100.0
2021-04-16,3.0,GME,"‚ÄúWe are being fucked, but we are getting stronger,‚Äù old Russian saying",11.0,41.0,26.0,21.0,33.0,24.0
2021-05-05,24.0,GME,Be Careful Out There - E*TRADE is SHADY.,66.0,209.0,102.0,97.0,129.0,151.0
2021-04-14,4.0,GME,GME YOLO!! Am I doing this right? üñïüí∞üí™üöÄ,18.0,43.0,39.0,23.0,39.0,38.0
2021-05-03,6.0,GME,üî•$NOK has potential to reach $10+üöÄüöÄüöÄ,46.0,189.0,128.0,67.0,182.0,114.0
2021-04-14,4.0,GME,Saxobank says Gamestop shares were more popular than FAANG in the UAE in the first quarter,8.0,40.0,29.0,17.0,28.0,32.0
2021-04-24,3.0,GME,"NrdRage's Friday DD...on a Saturday. Market is as confused as a Zoomer exposed to good music, so instead of something new, let's re-visit the last DD's, see where they shook out, and update them (DD ""Where are they now"" 30 for 30 edition)",17.0,113.0,114.0,43.0,62.0,139.0
2021-05-09,1.0,GME,$TSLA is basically an index fund.‚Äù Kevin O‚ÄôLeary,63.0,243.0,181.0,100.0,148.0,239.0
2021-04-18,5.0,GME,Am I doing it right??? #BlackBerry is the next #Tesla üçªüìàüí∞,40.0,201.0,123.0,72.0,139.0,153.0
2021-04-25,1.0,GME,MVIS Maximizing Shareholder Value,32.0,155.0,123.0,58.0,131.0,121.0
2021-04-21,15.0,GME,"I was up $30k on GME calls but have been buyin weekly FDs waiting for it to break $500...still buying. GME 4/23 $690 call, 4/30 $250 call, GME 4/30 $500 call, GME 5/21 $430 call checking in for duty, sir! üöÄüöÄüöÄ",60.0,160.0,116.0,74.0,147.0,115.0
2021-04-27,1.0,GME,$2M MNMD YOLO,15.0,87.0,51.0,29.0,86.0,38.0
2021-04-20,1.0,GME,The Inflation has started: P&G is raising prices in September ‚Äî here's why,85.0,211.0,140.0,94.0,164.0,178.0
2021-05-05,7.0,GME,WSB Mod Team DD,93.0,247.0,124.0,96.0,178.0,190.0
2021-04-28,2.0,GME,Maxed out my line of Credit + and my life savings into $MNMD ‚Äãüåù or ‚Äãüëâ‚Äãüëå,36.0,170.0,107.0,72.0,127.0,114.0
2021-05-05,1.0,GME,Better Markets recommendations to SEC for constructive short selling : Recommendations to protect retail and market from destructive short selling in preparation for Thursday's House Financial Services Committee hearing.,16.0,48.0,35.0,21.0,34.0,44.0
2021-05-11,1.0,GME,Am I doing this right?,46.0,97.0,39.0,26.0,101.0,55.0
2021-05-02,3.0,GME,God tier DD: VIAC,68.0,232.0,150.0,86.0,148.0,216.0
2021-05-09,1.0,GME,"Got losses. No worries, it's just a tax write off.",49.0,121.0,43.0,41.0,82.0,90.0
2021-04-30,8.0,GME,Silver YOLO - $1mm in PSLV shares and SLV calls,53.0,255.0,188.0,70.0,235.0,191.0
2021-04-20,16.0,GME,#BlackBerry DD üöÄ,37.0,143.0,84.0,62.0,90.0,112.0
2021-04-22,6.0,GME,MVIS YOLO to Saturn,20.0,122.0,89.0,32.0,106.0,93.0
2021-05-03,3.0,GME,"211K gains in Q1 from meme stocks only. With meme, the rule is ""Be fast and be the first"" don't chase Gain",27.0,87.0,33.0,36.0,63.0,48.0
2021-05-02,9.0,GME,The 'bull market' since corona is all dollar devaluation aka 'the melt up'- enjoy it while it lasts,88.0,247.0,124.0,118.0,184.0,157.0
2021-05-11,1.0,GME,"Palantir's (PLTR) fundamentals just became even better ( As management said: ""We are a few steps away from becoming Skynet"")",47.0,146.0,111.0,71.0,106.0,127.0
2021-04-20,23.0,GME,WSB discussion today,36.0,132.0,53.0,48.0,101.0,72.0
2021-05-11,3.0,GME,Bill's one of us,41.0,85.0,48.0,42.0,63.0,69.0
2021-05-10,4.0,GME,"-$387k since March 15. It‚Äôs fine, I don‚Äôt mind waiting for the market fuckery to end. I was poor for a long time before this year. Playing on house money. Largest positions in PLTR, DKNG, and GME.",57.0,166.0,91.0,81.0,111.0,122.0
2021-05-04,1.0,GME,Beginning to think it might have been a good idea to sell $MVIS @ $25,44.0,196.0,104.0,56.0,163.0,125.0
2021-05-10,13.0,GME,GME YTD Gains Theta Farming,30.0,108.0,65.0,45.0,89.0,69.0
2021-05-07,1.0,GME,WallStreetBets VS Wall Street [OC],14.0,30.0,30.0,16.0,28.0,30.0
2021-04-14,7.0,GME,"Wife still oblivious - Update. Bought 5 more. Scrapping the barrel now... bills can wait. Moon, or Doom.",45.0,131.0,54.0,57.0,91.0,82.0
2021-04-28,2.0,GME,It‚Äôs not much but it‚Äôs a start. $MNMD LETS GO.,27.0,121.0,93.0,37.0,103.0,101.0
2021-04-28,5.0,GME,MNMD YOLO PLAY. It‚Äôs going to $50. Holding the line! üí™üí™,28.0,132.0,90.0,42.0,129.0,79.0
2021-04-21,1.0,GME,"Palantir wins new contract with UK Crown Commerical services. Total value of the contract is 1.2 bln.¬£, which will be shared between 31 suppliers.",17.0,93.0,36.0,32.0,64.0,50.0
2021-04-16,5.0,GME,$170K palantir (PLTR) update. üíé üôè should have sold when I was up.,17.0,100.0,51.0,37.0,65.0,66.0
2021-04-19,2.0,GME,BB bag holders club. Post your position in the replies! If IVY actually brings revenue I‚Äôll be raking it in,31.0,195.0,163.0,90.0,197.0,102.0
2021-05-03,5.0,GME,Early redemption of senior notes,23.0,54.0,24.0,21.0,39.0,41.0
2021-05-02,3.0,GME,"Who's been holding NOK for 3 mos, while averaging down?",37.0,239.0,211.0,90.0,186.0,211.0
2021-04-15,1.0,GME,I love you PLTR. I love you.,35.0,100.0,62.0,53.0,75.0,69.0
2021-05-04,2.0,GME,Treasury Secretary Yellen says rates may have to rise somewhat to keep economy from overheating,65.0,201.0,105.0,99.0,130.0,142.0
2021-04-19,1.0,GME,"Everybody‚Äôs Posting Million $ Tendies - I‚Äôm okay with my 6pc Nuggz (long time watcher, first post)",13.0,42.0,29.0,14.0,37.0,33.0
2021-04-30,1.0,GME,Hell yeah! Took a fat L with MVIS yesterday. Today I jumped into BTX and within 2hours made back all my losses from yesterday üòÑ,66.0,220.0,133.0,66.0,198.0,155.0
2021-05-09,1.0,GME,I built a program that tracks mentions and sentiment of stocks across Reddit and Twitter! This week's most discussed and top growing stocks!,7.0,54.0,54.0,7.0,49.0,59.0
2021-04-22,10.0,GME,"The Big Short 2.0: why bears may soon reconsider sucking their paws in hibernation, and climb out of their caves. The TA thesis built on the Elliot wave principle, market cycles, Fibonacci and moving averages, applied to SPY.",81.0,271.0,118.0,102.0,218.0,150.0
2021-04-21,50.0,GME,"Decided to start selling GME puts, here's how the first 2 weeks went",60.0,239.0,114.0,87.0,148.0,178.0
2021-04-29,5.0,GME,It‚Äôs official. I‚Äôm retarded. While attempting to sell 150 calls on $CLOV I accidentally bought 150 may $25 calls today near the high like an idiot. Need your help with this one boys $CLOV guess I‚Äôll chalk this one up as a YOLO,41.0,128.0,83.0,48.0,99.0,105.0
2021-04-16,2.0,GME,First time poster - $39K GME YOLO. Feels so awesome to be a part of the apes!! Been following since Dec!,4.0,27.0,15.0,5.0,25.0,16.0
2021-04-15,1.0,GME,JPMorgan pledges $2.5 trillion over the next decade toward climate change,24.0,87.0,50.0,30.0,71.0,60.0
2021-05-13,7.0,GME,Got in just a little late but am I doing my part?,31.0,131.0,90.0,46.0,112.0,94.0
2021-04-18,2.0,GME,#NotBillHwang - Trading hedged at 21x leverage with limited upside/downside risk and over 258% return over the past 12mo (repost),45.0,166.0,84.0,67.0,103.0,125.0
2021-04-25,5.0,GME,MicroVision is the Future!,51.0,176.0,146.0,74.0,134.0,165.0
2021-04-14,12.0,GME,GME Am I doing this right? Plan to üíéüôåüèº these babies and exercise them,9.0,62.0,41.0,21.0,35.0,56.0
2021-04-29,1.0,GME,48k $CLOV yolo! I have made the adult decision to stop pretending I‚Äôm good at trading and join my fellow retards. Let‚Äôs get paid!,40.0,136.0,59.0,59.0,106.0,70.0
2021-04-28,4.0,GME,AMD: This is why it's down after earnings but will eventually rocket,44.0,124.0,110.0,66.0,90.0,122.0
2021-04-21,5.0,GME,"That's it bois, MVIS is the play......",19.0,97.0,65.0,35.0,78.0,68.0
2021-05-06,4.0,GME,"YOLO the last of it. Today on GME. Bought 45 more shares for a total of 200 shares. Boom, or bust!",11.0,64.0,28.0,14.0,59.0,30.0
2021-04-23,1.0,GME,"Investing with Lil Boat, DD based on the album.",8.0,50.0,34.0,12.0,46.0,34.0
2021-04-14,10.0,GME,"Yeah it‚Äôs time for me to wrap up. I‚Äôm not even retarded I‚Äôm just bad at this, no wonder why my girl left me smh.",49.0,142.0,53.0,54.0,115.0,75.0
2021-04-16,9.0,GME,"My CLOV Positions - Much more to come, Will be adding more calls Monday.",21.0,79.0,48.0,30.0,55.0,63.0
2021-04-21,1.0,GME,"BB is the underdog, no question.",22.0,72.0,42.0,36.0,52.0,48.0
2021-04-17,2.0,GME,Coinbase Global Inc - Insider Selling Data. Nearly 5 Billion worth of shares sold,30.0,114.0,84.0,41.0,81.0,106.0
2021-04-15,1.0,GME,Holding to the end,21.0,76.0,31.0,25.0,64.0,39.0
2021-04-26,17.0,GME,WSB discussion today,35.0,156.0,78.0,36.0,128.0,105.0
2021-05-06,1.0,GME,"SEC Chair Gary Gensler raises concerns about Robinhood, trading gamification and social media hype",13.0,63.0,37.0,32.0,23.0,58.0
2021-05-04,5.0,GME,"$AMC $110K YOLO with 11,800 shares- earnings on Thursday should boost my awesome 0.46% gains",29.0,82.0,59.0,38.0,75.0,57.0
2021-05-07,5.0,GME,GameStop YOLO update (not from the kitty!) 5/7 - Adding more every day. I just like the stonk!,21.0,42.0,22.0,21.0,39.0,25.0
2021-04-30,1.0,GME,Telecom Italia looking to drop Huawei from Italy 5G network: sources,26.0,65.0,31.0,21.0,55.0,46.0
2021-04-17,26.0,GME,CLOV degenerates be careful,73.0,212.0,106.0,84.0,142.0,165.0
2021-05-02,1.0,GME,Clover Health - A mini DD on $CLOV,38.0,199.0,118.0,52.0,199.0,104.0
2021-04-29,4.0,GME,"Was attempting to scalp. My stop limit buy order executed, but my limit sell a single cent higher didn't. I literally bought at the precise peak of the day. Guess I'm long CLOV now.",37.0,175.0,87.0,75.0,113.0,111.0
2021-04-14,3.0,GME,"HYLN : How we got here, where we're going (AKA the moon)",33.0,116.0,108.0,51.0,102.0,104.0
2021-05-02,6.0,GME,CLOV EARNINGS ON MAY 17 2021 üçÄüèñÔ∏è,41.0,204.0,152.0,80.0,162.0,155.0
2021-05-03,14.0,GME,WSB discussion so far today,39.0,158.0,58.0,55.0,133.0,67.0
2021-05-01,1.0,GME,Waiting on PLTR üò≠,62.0,213.0,100.0,91.0,154.0,130.0
2021-04-22,2.0,GME,"OCGN +43% today, +$57k Gain",11.0,79.0,48.0,23.0,60.0,55.0
2021-04-26,1.0,GME,$mvis 1.5 avg here for the buyout. Havent touched it since.,10.0,64.0,33.0,22.0,53.0,32.0
2021-04-14,1.0,GME,Lawsuit after customer spent an accidental gift of $1.2m from Charles Schwab. This is why YOLO is the correct way if it happens to you,42.0,102.0,57.0,46.0,80.0,75.0
2021-04-21,2.0,GME,MVIS 172k YOLO Update: can afford tendies,12.0,35.0,13.0,15.0,34.0,11.0
2021-04-30,2.0,GME,Quick TA DD on CLOV as of 4/29/21,37.0,136.0,94.0,47.0,115.0,105.0
2021-05-05,10.0,GME,There is no we,30.0,113.0,50.0,43.0,90.0,60.0
2021-05-08,1.0,GME,Flowchart for guaranteed trading success,15.0,42.0,16.0,14.0,46.0,13.0
2021-04-22,55.0,GME,WSB discussion today,68.0,216.0,93.0,101.0,128.0,148.0
2021-04-23,3.0,GME,ALL INüöÄüöÄüöÄ,20.0,106.0,45.0,32.0,90.0,49.0
2021-05-04,4.0,GME,$1M RKT YOLO Earnings Play...LFG! üöÄüöÄüöÄüöÄüöÄüöÄüöÄüöÄüöÄ,22.0,98.0,65.0,36.0,92.0,57.0
2021-04-19,3.0,GME,TLRY 4/20 yolo. Weed stonks mooonin üöÄüöÄüöÄ,34.0,84.0,65.0,43.0,67.0,73.0
2021-04-15,3.0,GME,"There once was a time where SPY ruled the lands, that day is upon us once again.",23.0,88.0,31.0,42.0,63.0,37.0
2021-05-06,1.0,GME,Look at the second pic you retailers!,19.0,62.0,21.0,29.0,52.0,21.0
2021-04-26,1.0,GME,My first call ever & mvis got me addicted,26.0,66.0,47.0,25.0,48.0,66.0
2021-04-21,1.0,GME,VIAC bull thesis,20.0,99.0,107.0,33.0,72.0,121.0
2021-04-27,2.0,GME,Why tomorrow may be the day to buy $CLOV (No short squeeze BS),33.0,125.0,77.0,43.0,121.0,71.0
2021-05-01,2.0,GME,CLOV volume price analysis,30.0,157.0,93.0,47.0,116.0,117.0
2021-04-28,1.0,GME,1.4 million MVIS Yolo up 450k in 3 days - Earnings tomorrow and maybe a huge announcement,51.0,211.0,148.0,63.0,189.0,158.0
2021-05-04,1.0,GME,$50K TWTR YOLO. Refinanced my house for this. Pray for me,50.0,224.0,114.0,108.0,152.0,128.0
2021-04-19,3.0,GME,A 14 year-old's Take on Algorithmic Stock Trading - TradeAlgo,35.0,140.0,101.0,52.0,88.0,136.0
2021-04-26,2.0,GME,MVIS Diamond hands - price target $100 EOW,22.0,114.0,88.0,22.0,119.0,83.0
2021-05-13,7.0,GME,AMC soars and this time GameStop follows as meme stocks get squeezed hard,65.0,160.0,69.0,67.0,135.0,92.0
2021-04-23,8.0,GME,üöÄüöÄüöÄ MVIS YOLO üöÄüöÄüöÄ,11.0,62.0,45.0,18.0,55.0,45.0
2021-04-21,2.0,GME,MVIS $172k YOLO,14.0,72.0,44.0,20.0,51.0,59.0
2021-04-22,1.0,GME,MicroVision Q1 Results Moved Up to April 29th 2021,20.0,85.0,48.0,22.0,72.0,59.0
2021-04-27,1.0,GME,"DD and SWOT Analysis on MindMed ($MNMD), a Psychedelic-based, Clinical-stage Pharma Company Applying LSD to Mental Health",8.0,45.0,35.0,11.0,32.0,45.0
2021-04-29,5.0,GME,$NOK is super undervalued,36.0,113.0,92.0,45.0,86.0,110.0
2021-05-12,7.0,GME,(O.C.) Keep shorting GME ü§°,8.0,61.0,29.0,23.0,40.0,35.0
2021-04-28,1.0,GME,CLOV Stock Busts Through Resistance BULLISH .,12.0,90.0,45.0,28.0,77.0,42.0
2021-04-29,1.0,GME,Eminem - Stan (WSB short version) ft. Dido,8.0,46.0,23.0,12.0,47.0,18.0
2021-05-04,4.0,GME,CRSR crushed earnings to the moon we go,42.0,186.0,91.0,84.0,105.0,130.0
2021-04-25,44.0,GME,Why is there no A M C discussion in here,86.0,245.0,114.0,115.0,147.0,183.0
2021-04-16,1.0,GME,"Weekend Discussion Thread for the Weekend of April 16, 2021",117.0,272.0,108.0,132.0,206.0,159.0
2021-05-04,16.0,GME,Wallstreetbets discussion today,27.0,114.0,60.0,27.0,104.0,70.0
2021-04-14,1.0,GME,"Apes together strong, took my profits and went for the double down. I'll see you on the moon brothers",12.0,26.0,7.0,10.0,22.0,13.0
2021-05-02,1.0,GME,Tilray/Aphria merge complete Tilray to the moon üöÄüöÄüöÄ All in üö®,36.0,180.0,87.0,59.0,153.0,91.0
2021-04-21,2.0,GME,State of Michigan purchased 1 million shares of MVIS?,15.0,62.0,51.0,23.0,54.0,51.0
2021-05-02,7.0,GME,WSB discussion this weekend,17.0,121.0,48.0,25.0,102.0,59.0
2021-05-07,3.0,GME,"Are we headed for a massive failure in the Commercial Mortgage Backed Security market, which would have massive repercussions on the economy as a whole?",57.0,119.0,79.0,61.0,69.0,125.0
2021-04-23,7.0,GME,"$MVIS gain, happy with it",11.0,52.0,50.0,13.0,38.0,62.0
2021-04-17,4.0,GME,I have $4.16 left to invest. Any recommendations,20.0,134.0,68.0,23.0,136.0,63.0
2021-05-06,11.0,GME,Fuck,33.0,126.0,64.0,45.0,118.0,60.0
2021-04-29,6.0,GME,MVIS | MicroVision Announces First Quarter 2021 Results,86.0,258.0,153.0,130.0,176.0,191.0
2021-05-06,1.0,GME,Yolo my friend $GME HOLD HOLD HOLD,4.0,35.0,8.0,4.0,33.0,10.0
2021-05-13,2.0,GME,How do I change from dark/red to light/green mode on this app?,8.0,73.0,26.0,25.0,51.0,31.0
2021-05-03,1.0,GME,Apollo buys Yahoo (and YahooFinance) from Verizon for $5 billion (mega-loss for all retail),29.0,119.0,50.0,32.0,97.0,69.0
2021-04-29,1.0,GME,Reddit called it right - Nokia hype is real - Q1 results,9.0,30.0,30.0,13.0,23.0,33.0
2021-04-14,1.0,GME,"Cathie Wood‚Äôs ARK Invest Buys Nearly 750,000 Shares of Coinbase",33.0,98.0,38.0,41.0,79.0,49.0
2021-04-28,13.0,GME,Almost that time !!,24.0,119.0,80.0,28.0,111.0,84.0
2021-05-12,1.0,GME,OMG! Inflation.,62.0,194.0,96.0,95.0,93.0,164.0
2021-04-19,22.0,GME,CLOV daily volume is 2 times free float and 10 times the average daily volume,42.0,159.0,91.0,66.0,112.0,114.0
2021-04-29,13.0,GME,WSB discussion today,35.0,178.0,71.0,53.0,158.0,73.0
2021-05-01,2.0,GME,Just what is going on with Vaxart? Up to date with VXRT and why I am betting this stock will potentially climb to higher highs (at least 2x).,42.0,188.0,120.0,69.0,159.0,122.0
2021-05-13,2.0,GME,Palantir Technologies (NYSE:PLTR) Given New $170.00 Price Target at Citigroup,43.0,201.0,90.0,57.0,167.0,110.0
2021-05-06,1.0,GME,Quick $8K in less than 5 minutes scalping AMZN calls this morning üêÇüêÇüêÇ in a red day,24.0,82.0,57.0,30.0,50.0,83.0
2021-04-27,5.0,GME,"Buy high, sell low. This is the way. $MVIS",33.0,114.0,51.0,41.0,89.0,68.0
2021-05-07,11.0,GME,UWMC - Don't be fooled my friends,68.0,220.0,198.0,94.0,173.0,219.0
2021-04-30,13.0,GME,Bag holding CLOV and MVIS. GUH!,42.0,160.0,81.0,55.0,111.0,117.0
2021-04-16,1.0,GME,Tech Industry Stock Compensation or: How I Learned to Stop Worrying and Love Insider Selling (PLTR),7.0,35.0,27.0,15.0,10.0,44.0
2021-05-04,5.0,GME,This is fucking bullshit,59.0,133.0,75.0,68.0,100.0,99.0
2021-04-21,1.0,GME,What stocks to buy before Russia invades Ukraine?,59.0,227.0,83.0,75.0,190.0,104.0
2021-04-14,1.0,GME,"Goldman says copper is the new oil, raises price forecast to $11,000 per metric ton",22.0,71.0,43.0,10.0,54.0,72.0
2021-05-12,12.0,GME,"The market is giving us an absolute gift with these inflation numbers, it‚Äôs time to load up the truck, PSLV",67.0,223.0,122.0,85.0,163.0,164.0
2021-04-24,5.0,GME,MVIS LAZR YOLO! LET's GO LIDAR!,23.0,91.0,64.0,29.0,75.0,74.0
2021-04-22,3.0,GME,5k -> $93 Loss Porn + Margin Call.,22.0,73.0,38.0,23.0,61.0,49.0
2021-05-05,2.0,GME,GME discussion be like:,5.0,22.0,13.0,8.0,20.0,12.0
2021-04-16,1.0,GME,Planning on rounding up to 200 shares on Monday. Cheers everyone.,4.0,26.0,19.0,5.0,24.0,20.0
2021-04-30,2.0,GME,Blackberry is a car company.,24.0,83.0,59.0,33.0,74.0,59.0
2021-05-03,3.0,GME,First time was a charm with RKT netting a 26x bagger in early March. Loading up again for earnings this week. Let's go!,18.0,82.0,69.0,17.0,70.0,82.0
2021-04-20,4.0,GME,$150k YOLO on $UWMC,24.0,101.0,80.0,39.0,79.0,87.0
2021-04-26,1.0,GME,$MVIS 10k+ YOLO OPTIONS CALL,13.0,88.0,34.0,23.0,67.0,45.0
2021-04-20,1.0,GME,Last dip that I could afford I guess I will forever be a bag holder ü§°,14.0,55.0,41.0,21.0,39.0,50.0
2021-04-28,1.0,GME,Do financial websites just make up reasons why stocks go up or down after the fact?,38.0,64.0,56.0,40.0,48.0,70.0
2021-04-14,2.0,GME,$COIN: $150B ($570/share) Price Target,14.0,86.0,62.0,25.0,57.0,80.0
2021-04-22,2.0,GME,TSLA YOLO to mars,19.0,54.0,32.0,28.0,44.0,33.0
2021-04-17,2.0,GME,$AMC üé• üé•üé• HOT GIRL üëØüëØüëØ SUMMER AROUND THE CORNER! BOX OFFICE GRO$$E$ üí∞üí∞üí∞ HEATING UP üî•üî•üî•,31.0,103.0,62.0,46.0,74.0,76.0
2021-05-07,2.0,GME,"$33,000 in 10 minutes. $TSLA FD gainz",9.0,48.0,29.0,12.0,37.0,37.0
2021-05-03,3.0,GME,Time for you apes to grow your first wrinkle. Why I think a cucked generation of millenials will blow RKT's ER on May 5th to Uranus,31.0,118.0,71.0,34.0,78.0,108.0
2021-04-28,1.0,GME,BlackBerry Announces Management Team Shake-Up,15.0,36.0,27.0,19.0,27.0,32.0
2021-05-01,2.0,GME,CLOV Due Diligence Summary - Using Machine Learning and AI to Disrupt an Archaic Business Model Industry - 46% YOY Revenue Growth - 217% YOY MA Market Growth,17.0,107.0,64.0,22.0,98.0,68.0
2021-04-29,2.0,GME,"What Are Your Moves Tomorrow, April 30, 2021",110.0,271.0,118.0,146.0,186.0,167.0
2021-04-21,11.0,GME,300k MVIS YOLO from a GME Veteran,16.0,56.0,44.0,28.0,43.0,45.0
2021-05-05,2.0,GME,"What Are Your Moves Tomorrow, May 06, 2021",104.0,273.0,118.0,127.0,199.0,169.0
2021-04-28,2.0,GME,üî•MVIS üî•I love you no matter what! and today is the day! to next galaxy! Let‚Äôs goüöÄMVIS üöÄ,14.0,92.0,42.0,24.0,77.0,47.0
2021-04-27,5.0,GME,WSB discussion today,29.0,99.0,41.0,34.0,86.0,49.0
2021-04-27,4.0,GME,"MVIS, what are you doing, MVIS, STAPH! Keep calm retarded YOLO loving apes! I know what should help and make Everyone‚Äôs Morning Good:",41.0,177.0,107.0,44.0,168.0,113.0
2021-05-03,1.0,GME,"What Are Your Moves Tomorrow, May 04, 2021",118.0,263.0,115.0,133.0,203.0,160.0
2021-04-28,8.0,GME,4/28 AMC INFO DROPPAGE,16.0,72.0,40.0,25.0,52.0,51.0
2021-05-13,2.0,GME,To the Mooooooovies!,32.0,150.0,62.0,43.0,125.0,76.0
2021-05-08,1.0,GME,How to profit from billions of Cicadas flooding the east coast,79.0,225.0,95.0,64.0,184.0,151.0
2021-04-26,6.0,GME,"29.37 (~20%) MILLION SHARES OF MICROVISION BEING SHORTED | ""The number of shares shorted increased by 1.4 million in the last seven days, showing some investors placed bearish bets as the shares have rallied""",21.0,83.0,44.0,37.0,58.0,53.0
2021-05-02,1.0,GME,"What Are Your Moves Tomorrow, May 03, 2021",86.0,269.0,145.0,115.0,212.0,173.0
2021-05-03,3.0,GME,The WSB Telegram scammer just scammed folks out of over $1mill and counting smh,57.0,196.0,78.0,72.0,147.0,112.0
2021-05-08,1.0,GME,"Most Anticipated Earnings Releases for the week beginning May 10th, 2021",30.0,126.0,65.0,34.0,96.0,91.0
2021-04-26,5.0,GME,While Bane ü¶ç is fighting for all apes against the hedgies ü¶á ... GME is mooning.,4.0,29.0,14.0,7.0,18.0,22.0
2021-05-03,5.0,GME,Why I‚Äôm all in on RKT,51.0,156.0,96.0,70.0,116.0,117.0
2021-04-27,3.0,GME,"Congrats to everyone that decided to join the MVIS team! I've been with them for a while and will continue to hold, and I hope you will too! Trust me, this is not over. If you hesitated to buy in the past, it's not too late. Join the MVIS club!",36.0,154.0,93.0,49.0,133.0,101.0
2021-05-09,2.0,GME,Some mild loss porn 334k to 146k in a month and a half. Options may have been involved.,10.0,57.0,33.0,16.0,31.0,53.0
2021-05-09,3.0,GME,Chance the Rapper‚Äôs deal with AMC previews the future of movie theaters,13.0,41.0,35.0,16.0,26.0,47.0
2021-04-15,1.0,GME,Citron did not learn their lesson,19.0,50.0,20.0,21.0,34.0,34.0
2021-04-14,1.0,GME,My little brother bought 4/16 TSLA calls today. A true retard.,34.0,78.0,33.0,35.0,71.0,39.0
2021-04-29,1.0,GME,GME UPDATE,3.0,32.0,12.0,3.0,34.0,10.0
2021-04-18,9.0,GME,CLOV YOLO! Blastoff on MOOnday?!,19.0,98.0,45.0,30.0,75.0,57.0
2021-04-19,2.0,GME,YOLO into $CLOV with 140k wish me luck. ü¶ç ‚òòÔ∏èüöÄ,20.0,71.0,47.0,21.0,62.0,55.0
2021-04-15,1.0,GME,35k yolo in AMC üöÄüöÄüöÄ,7.0,24.0,23.0,9.0,28.0,17.0
2021-05-01,7.0,GME,Yolo‚Äôing on silver on raid day,25.0,115.0,50.0,35.0,84.0,71.0
2021-04-26,1.0,GME,$460k to the moon!!!! $CLOV,12.0,44.0,24.0,10.0,52.0,18.0
2021-04-17,45.0,GME,Extremely thorough CLOV recent action DD,52.0,161.0,99.0,65.0,104.0,143.0
2021-04-19,7.0,GME,"üçÄAdded a couple thousand more CLOV calls today. The big move will come soon, maybe today, maybe tomorrow maybe two weeks from now, but it‚Äôs coming! üíµüíµüíµüíµüíµüíµüçÄ",26.0,77.0,50.0,36.0,66.0,51.0
2021-04-19,1.0,GME,How fucked are my TSLA 800 4/30s? Took a title loan on my wife's boyfriend's hellcat he comes back on earnings day. 15k #yolo Impeccable timing on the flaming car.,25.0,73.0,47.0,37.0,54.0,54.0
2021-05-06,1.0,GME,"Advice to new investors, from a new investor",36.0,78.0,48.0,43.0,34.0,85.0
2021-04-27,1.0,GME,AMD INCREASES 2021 Y/Y GUIDANCE. GOES FROM 37% to 50%,20.0,57.0,41.0,22.0,51.0,45.0
2021-05-11,1.0,GME,PLTR EARNINGS MEETS EXPECTATIONS üîÆüîÆüí∞,47.0,122.0,54.0,68.0,77.0,78.0
2021-04-25,6.0,GME,April 29th #PRnews,13.0,96.0,60.0,37.0,64.0,68.0
2021-05-08,1.0,GME,The Dude Abides,6.0,23.0,6.0,7.0,20.0,8.0
2021-04-23,7.0,GME,$120K MVIS $35 May FD YOLO - my YOLOs recently have showed I hate money but this time it'll really be Lambo or bus pass!,27.0,69.0,58.0,33.0,60.0,61.0
2021-05-03,11.0,GME,Small CLOV DD,15.0,106.0,64.0,25.0,87.0,73.0
2021-04-19,1.0,GME,PLTR - LOVE THE COMPANY / HATE THE SHORT TERM STONK,26.0,121.0,104.0,60.0,85.0,106.0
2021-04-27,1.0,GME,MNMD 100k YOLO üçÑüöÄ,6.0,20.0,22.0,6.0,33.0,9.0
2021-04-27,1.0,GME,30k YOLO $MNMD THE FUTURE IS HERE APES ü¶çü¶çü¶ç,13.0,54.0,31.0,16.0,58.0,24.0
2021-05-12,3.0,GME,One stock,8.0,24.0,10.0,7.0,20.0,15.0
2021-05-12,3.0,GME,"AMC YOLO Update - May 12th, 2021",6.0,40.0,27.0,8.0,42.0,23.0
2021-05-04,1.0,GME,Time to buy the dip $AMD - short DD,25.0,94.0,75.0,31.0,71.0,92.0
2021-04-16,4.0,GME,$CLOV 30C 5/21 OTM YOLO! üöÄüöÄüöÄ,10.0,44.0,32.0,18.0,43.0,25.0
2021-05-02,1.0,GME,BNGO DD,22.0,79.0,75.0,31.0,71.0,74.0
2021-05-11,3.0,GME,$CLOV Gamma Squeeze DD,42.0,135.0,87.0,43.0,118.0,103.0
2021-05-06,1.0,GME,For those who actually watched the entire House Committee Part 3 and still think Gary Gensler is on our side.,18.0,57.0,32.0,29.0,29.0,49.0
2021-04-21,15.0,GME,"$CLOV because it‚Äôs grossly oversold, over shorted and hugely underestimated. Walmart Partnership, 40% + YOY Growth rate. Artificial intelligence powered clover assistant software to better the outcomes and reduce costs. Big backers.",29.0,84.0,67.0,39.0,58.0,83.0
2021-05-12,1.0,GME,"What Are Your Moves Tomorrow, May 13, 2021",129.0,258.0,114.0,166.0,182.0,153.0
2021-04-25,4.0,GME,$CLOV 5/21 $11C see you in a few weeks,25.0,109.0,42.0,27.0,100.0,49.0
2021-04-23,1.0,GME,"OCGN - holding since June last year, wish I hadn‚Äôt sold 3500 shares then and really wishing I had loaded more",17.0,69.0,65.0,31.0,60.0,60.0
2021-04-16,7.0,GME,AMC are playing both the short and the long term game and praise the retal investors.,15.0,67.0,35.0,27.0,30.0,60.0
2021-04-20,19.0,GME,Short Sellers Never Learn - They're Doubling Down on CLOV (DD),22.0,119.0,67.0,43.0,66.0,99.0
2021-04-29,2.0,GME,"TLRY - $29 tomorrow, you heard it here first. Gonna get my bitch some red bottoms. LONGSTROKE OUT",37.0,131.0,76.0,40.0,129.0,75.0
2021-04-15,10.0,GME,Visualization of the daily discussion thread today,13.0,45.0,17.0,11.0,31.0,33.0
2021-05-05,2.0,GME,"Zach upgraded CLOV rating from sell to hold, many such good news coming soon, short report for April end coming on 5/11, quarterly report 5/17, potential short squeeze to be folllwed, potential gamma squeeze to be followed. Clov to the moon, very soon. LFG apes.",13.0,38.0,35.0,19.0,36.0,31.0
2021-04-30,1.0,GME,Inflation and yield,44.0,95.0,46.0,39.0,50.0,96.0
2021-04-26,1.0,GME,$MVIS is my new babe!!!!,6.0,27.0,11.0,12.0,16.0,16.0
2021-05-10,1.0,GME,Undervalued Mortgage Company (UWC),37.0,132.0,93.0,56.0,87.0,119.0
2021-05-04,1.0,GME,$RKT YOLO UPDATE - EARNINGS TOMORROW BOYZ,21.0,68.0,43.0,18.0,71.0,43.0
2021-04-19,3.0,GME,100k in SPX puts - I hate money,19.0,58.0,30.0,28.0,46.0,33.0
2021-04-27,1.0,GME,50K CLOV YOLO. This things ready for a short and gamma squeeze üöÄüöÄüöÄ,9.0,37.0,14.0,6.0,40.0,14.0
2021-05-05,2.0,GME,I‚Äôm holding till we moon 500k,8.0,60.0,33.0,21.0,48.0,32.0
2021-04-19,3.0,GME,"üçÄCLOVüçÄPosition Day2 ~ I juggled this morning & added 2000 $12.50 calls. If we can keep inching up daily, this littleüçÄ Patch is gonna grow into field full ofüçÄ just a matter of time, especially if some institutions give Clove the kick in the ass it needs to breakout above $11. Best wishes üçÄ",17.0,56.0,44.0,14.0,51.0,52.0
2021-05-06,1.0,GME,"My RKT epic loss porn, options almost going worthless. Lesson learned, always make sure to have extra tuna cans before you yolo, just in case this happens.",35.0,105.0,53.0,49.0,76.0,68.0
2021-04-16,1.0,GME,"Little brother of ""The squeeze is still on right guys?""",5.0,9.0,9.0,5.0,10.0,8.0
2021-05-11,1.0,GME,Saw some PLTR dd a while back. What a terrible day to be able to read.,9.0,20.0,10.0,9.0,16.0,14.0
2021-04-29,1.0,GME,Why I think UWMC will have a pretty good rise next week,22.0,81.0,57.0,36.0,33.0,91.0
2021-05-06,1.0,GME,Minimum wage worker of 21 years YOLO'd my life savings into 5/14 25 c for RKT. Not bad for a days work! Posting right before my shift starts at Wendy's (might be ironic but im too dumb to know),36.0,148.0,93.0,47.0,80.0,150.0
2021-04-27,1.0,GME,"Biden to Propose Tax Hikes, $80 Billion for Audits of Rich",61.0,195.0,98.0,83.0,95.0,176.0
2021-04-17,3.0,GME,"WSB Leveraged Smart-Beta Update (Now Up +$350K, +108%)",23.0,100.0,62.0,39.0,47.0,99.0
2021-05-12,1.0,GME,Everytime PLTR I think you are cool then you show me.. KO life savings,9.0,18.0,9.0,6.0,23.0,7.0
2021-04-26,2.0,GME,MVIS- continuing on this mvis Yolo game with the üíéhands. The moon is gone be lit. I love this stonk.,3.0,29.0,9.0,9.0,20.0,12.0
2021-05-02,1.0,GME,UWMC Earnings Play,34.0,117.0,74.0,51.0,87.0,87.0
2021-05-08,2.0,GME,$PLTR is either going down more or sideways for a long long time,41.0,107.0,88.0,58.0,82.0,96.0
2021-05-07,1.0,GME,"Everyone who bought BB is a bagholder, change my mind",32.0,119.0,57.0,57.0,77.0,74.0
2021-04-23,5.0,GME,PSA all of the remaining insider shares of NKLA unlock next week,37.0,118.0,56.0,54.0,93.0,64.0
2021-04-26,2.0,GME,MVIS Gamma Squeeze?,13.0,67.0,26.0,17.0,56.0,33.0
2021-05-13,5.0,GME,Time to sell TSLA,65.0,239.0,111.0,79.0,173.0,163.0
2021-04-20,6.0,GME,"CLOV YOLO, I am a VERIFIED RETARD or a RESPECTED GENIOUS next month.",26.0,72.0,38.0,36.0,61.0,39.0
2021-05-01,2.0,GME,"Im a huge pussy for LEAPs, but at least its not shares",10.0,34.0,27.0,22.0,22.0,27.0
2021-04-28,1.0,GME,My first YOLO. Incoming Loss Porn later this week. Stay tuned! $CLOV üöÄüöÄ,7.0,21.0,14.0,7.0,17.0,18.0
2021-04-30,4.0,GME,$65k in UWMC. Playing for a earnings run up this May. Good luck to RKT bros too,11.0,74.0,42.0,19.0,58.0,50.0
2021-05-11,1.0,GME,A lesson in buying right time in front of you with many charts .,19.0,70.0,57.0,16.0,61.0,69.0
2021-05-07,1.0,GME,GME GameStop AMC Ape Andy sharing thoughts,3.0,7.0,14.0,4.0,14.0,6.0
2021-05-11,9.0,GME,"AMC's, CEO gives me confidence. That AMC,is undervalued and I should hold.",28.0,114.0,107.0,43.0,85.0,121.0
2021-04-27,1.0,GME,MVIS let‚Äôs fuckin go!!! Not selling until $100,10.0,48.0,21.0,9.0,45.0,25.0
2021-05-05,4.0,GME,Thoughts on Game Stop voter share meeting,9.0,41.0,21.0,15.0,29.0,27.0
2021-05-04,1.0,GME,$RKT YOLO UPDATE - CUMMING IN HOT!!! üöÄüöÄüöÄ,13.0,47.0,30.0,21.0,38.0,31.0
2021-04-23,2.0,GME,YOLO MVIS is this it?,9.0,34.0,25.0,11.0,40.0,17.0
2021-05-05,1.0,GME,I guess I'll kick off the $RKT loss porn. 6969 down so far ü§°ü§°ü§°. Good thing I saved cash for that bus pass,14.0,50.0,21.0,21.0,31.0,33.0
2021-04-27,1.0,GME,"CLOV shorts, is that really all you got? IMNOTFUCKINLEAVIN",6.0,45.0,32.0,13.0,52.0,18.0
2021-05-09,1.0,GME,Uranium is the future,35.0,171.0,106.0,57.0,100.0,155.0
2021-05-05,2.0,GME,RKT YOLO Update - May 5th 2021 - finally back to break even (with dividend) 1 hour 10 min until earnings,64.0,171.0,63.0,65.0,152.0,81.0
2021-05-07,2.0,GME,Regeneron ($RGEN) is rumored to be buying out INO after a joint patent application today,12.0,78.0,42.0,24.0,49.0,59.0
2021-04-27,1.0,GME,The Technicals Behind GameStop #5,3.0,13.0,9.0,4.0,10.0,11.0
2021-05-11,2.0,GME,"It's not a tax write-off till you sell, and I managed to sell at the absolute bottom. $67,925 loss.",15.0,50.0,24.0,16.0,52.0,21.0
2021-04-20,1.0,GME,Netflix reports dramatic slowdown in subscribers,39.0,130.0,85.0,51.0,89.0,114.0
2021-04-16,2.0,GME,GME YOLO Update - I wanted to post my YOLO as well so we can see just how many shares all of use apes own.,6.0,9.0,12.0,4.0,10.0,13.0
2021-05-11,1.0,GME,Heard you guys like long meat. Here's +125k worth,17.0,66.0,43.0,19.0,45.0,62.0
2021-05-08,1.0,GME,Legal cannabis sales hit record high,16.0,107.0,70.0,23.0,93.0,77.0
2021-04-14,4.0,GME,"AMC YOLO UPDATE : 3648 Shares, 5 Calls, across 4 accounts.",5.0,22.0,14.0,10.0,14.0,17.0
2021-05-13,1.0,GME,Tired of losing money so I switched from calls to puts... ended up being a good time to do that,7.0,27.0,28.0,11.0,22.0,29.0
2021-05-03,1.0,GME,RKT earnings options play,20.0,75.0,45.0,20.0,65.0,55.0
2021-05-12,9.0,GME,Made 700k in GME in Jan. Then did this,24.0,101.0,42.0,40.0,78.0,49.0
2021-05-10,2.0,GME,It was a gUhd day to be all in PLTR,9.0,47.0,24.0,17.0,28.0,35.0
2021-05-07,2.0,GME,Am I the only one that thinks the market has been sus lately?,34.0,97.0,50.0,56.0,52.0,73.0
2021-05-06,3.0,GME,$ASTS a global mobile broadband solution,12.0,91.0,93.0,28.0,67.0,101.0
2021-04-27,5.0,GME,MVIS HUGE GAINS! üëÄ2MORROW üëÄüöÄü§Ø,22.0,74.0,50.0,30.0,70.0,46.0
2021-05-09,1.0,GME,$NOK DeeDee: Get Your Diamond Hands Off Me You Damn Dirty Ape$,16.0,43.0,25.0,20.0,39.0,25.0
2021-05-01,12.0,GME,I analyze mentions and sentiment of stocks across Reddit and Twitter! This week's most discussed and top growing stocks!,21.0,69.0,45.0,23.0,47.0,65.0
2021-05-13,1.0,GME,"What Are Your Moves Tomorrow, May 14, 2021",129.0,276.0,96.0,160.0,193.0,148.0
2021-04-27,1.0,GME,$TSLA Post-Earnings Depression treatment: Harden The Fuck Up,6.0,16.0,10.0,5.0,14.0,13.0
2021-04-19,1.0,GME,"4/16, le sigh.",8.0,26.0,18.0,7.0,23.0,22.0
2021-05-09,3.0,GME,Next level DD: CLOV,21.0,98.0,47.0,38.0,63.0,65.0
2021-05-13,2.0,GME,WSB discussion today,10.0,41.0,24.0,7.0,45.0,23.0
2021-05-12,4.0,GME,"Is this is really the new trend, I can't be the only one witnessing this (details below)",36.0,94.0,28.0,57.0,49.0,52.0
2021-05-06,1.0,GME,"BB was on sale this morning so I bought more. Now I‚Äôm 1,100 shares deep, averaged down from $18 to $11.57. Doubled down and ready for lift off!",6.0,36.0,21.0,16.0,30.0,17.0
2021-04-20,2.0,GME,"YOLO - CLOV - 20k shares for $178,000 this morning. Conviction - do you have it?",17.0,62.0,45.0,15.0,72.0,37.0
2021-04-19,6.0,GME,BCRX DD - The Embarrassment of Riches,22.0,63.0,50.0,19.0,33.0,83.0
2021-05-10,1.0,GME,Nokia: A Detailed Review of the Company,6.0,23.0,34.0,7.0,17.0,39.0
2021-05-06,3.0,GME,Merely a fleshy wound. Off the rocket and joining my fellow vitards,16.0,76.0,53.0,30.0,59.0,56.0
2021-04-23,5.0,GME,How to Be Retarded 101 ü•¥,24.0,88.0,39.0,36.0,72.0,43.0
2021-04-16,1.0,GME,S3 giving info on how they calculated SI and created this $CLOV Fire,7.0,27.0,20.0,11.0,22.0,21.0
2021-04-21,1.0,GME,World‚Äôs Biggest Stock Owner (Norway‚Äôs $1.3 trillion wealth fund) Says Banks Displaced Tech as Winners,4.0,4.0,10.0,3.0,6.0,9.0
2021-05-11,6.0,GME,"I researched our memefolio to see who was shorting it. Turns out, there's a pattern.",15.0,35.0,20.0,14.0,21.0,35.0
2021-04-28,1.0,GME,AMC short interest update today via Fintel premium.,8.0,38.0,24.0,12.0,28.0,30.0
2021-04-15,1.0,GME,"$PLTR, i wont give up!!! WHOS WITH ME!",18.0,61.0,53.0,26.0,56.0,50.0
2021-05-07,8.0,GME,TA from an unbiased perspective on the game you are playing.,11.0,40.0,22.0,15.0,28.0,30.0
2021-05-03,3.0,GME,Bought more $MVIS while it's dipping for the May squeeze,33.0,137.0,73.0,47.0,105.0,91.0
2021-04-30,2.0,GME,CLOV vs MVIS,37.0,146.0,92.0,49.0,117.0,109.0
2021-05-10,12.0,GME,Just Ape Tossed my portfolio at $800 calls on $GME. We hold this orangutans level autism call until we hit 0.,43.0,106.0,67.0,58.0,77.0,81.0
2021-05-09,1.0,GME,WSB discussion this weekend,9.0,59.0,17.0,6.0,49.0,30.0
2021-04-17,2.0,GME,"Understanding ROBLOX - Gaming's Role in Education Markets, Mass Media, and Financial Technology. Magnum Opus Edition DD.",12.0,64.0,58.0,22.0,45.0,67.0
2021-05-10,1.0,GME,#1 5G stock,13.0,50.0,28.0,13.0,45.0,33.0
2021-04-30,2.0,GME,"AMD's fundamentals in charts, time to rise!",9.0,50.0,36.0,25.0,31.0,39.0
2021-04-24,1.0,GME,Huge pu$$y retard checking in. Late to the party. Pretty much content with half of my portfolio being gone come Monday. Feels bad man.,26.0,80.0,53.0,29.0,60.0,70.0
2021-05-05,2.0,GME,Where all my travel sector degenerates? We going to the Bahamas bois,5.0,36.0,14.0,9.0,30.0,16.0
2021-04-20,1.0,GME,Behind the Mysterious Demise of a $1.7 Billion Mutual Fund,4.0,31.0,13.0,6.0,17.0,25.0
2021-04-27,1.0,GME,Substantial Long Positions Being Taken on $CLOV ($950k) - Join Us,2.0,25.0,26.0,9.0,27.0,17.0
2021-05-03,1.0,GME,Nokia Diamond hands averaging down all these months but why ?,6.0,21.0,15.0,7.0,16.0,19.0
2021-04-19,1.0,GME,Decided I needed a Lambo to park in front of the house I'll buy when RKT üöÄ takes off üöÄüöÄ. Kept $100 cash for a bus pass.,22.0,49.0,44.0,16.0,63.0,36.0
2021-05-13,7.0,GME,This time is not different!!!,24.0,80.0,49.0,32.0,50.0,71.0
2021-05-04,1.0,GME,Training Helmet Strapped On... $RKT,8.0,20.0,16.0,7.0,26.0,11.0
2021-05-10,3.0,GME,Rocket Companies Inc. (RKT) under investigation for possible securities violations and breach of fiduciary duty,21.0,54.0,25.0,28.0,44.0,28.0
2021-05-06,1.0,GME,$GME Symmetrical Triangle Pattern formation apparent üìàüìä,8.0,69.0,34.0,17.0,54.0,40.0
2021-04-29,1.0,GME,"$AAPL overperforms ER expectations, so call options naturally...plummet???",22.0,71.0,42.0,20.0,54.0,61.0
2021-05-10,2.0,GME,Welcome to Wall Street Bets.. Aim for the short squeeze!,5.0,13.0,7.0,7.0,13.0,5.0
2021-05-07,1.0,GME,Am I qualified retard ?,14.0,51.0,22.0,27.0,36.0,24.0
2021-04-27,1.0,GME,"I‚Äôve analyzed the growth of the followers for all US public companies in Twitter, FB, Instagram. Check out the top 3 ones with the fastest growth of followers over the past month.",5.0,15.0,14.0,8.0,7.0,19.0
2021-05-11,3.0,GME,CLOV- Will Hindenburg hedge fund win on 05/17/2021?,16.0,57.0,49.0,26.0,35.0,61.0
2021-04-17,5.0,GME,Explanation of the $CLOV 10k and Calculating Short Interest by hand,10.0,55.0,25.0,19.0,38.0,33.0
2021-04-15,2.0,GME,~120K in low stress shitput gains (mostly GME),5.0,28.0,13.0,11.0,17.0,18.0
2021-04-14,1.0,GME,$NOK it off!,6.0,38.0,26.0,12.0,27.0,31.0
2021-05-01,1.0,GME,BTX - Brooklyn Immuno-therapeutics,27.0,62.0,35.0,35.0,47.0,42.0
2021-05-06,1.0,GME,It‚Äôs not much but it‚Äôs all I got. This is the way.,1.0,17.0,8.0,4.0,15.0,7.0
2021-04-19,10.0,GME,"$CLOV Hold up , wait a minute, short squeeze is coming.",25.0,93.0,41.0,43.0,47.0,69.0
2021-05-06,1.0,GME,GME 6/8 Stockholder Meeting Coming Up,13.0,36.0,24.0,25.0,28.0,20.0
2021-04-26,1.0,GME,I PICKED UP THE OPTIONS THIS MORNING. LETS GO!,1.0,16.0,23.0,4.0,22.0,14.0
2021-05-01,2.0,GME,Correlation between Short Sale Interest and Aurora Cannabis ACB Stock Priceü•¶üî•üöÄüåù,24.0,121.0,62.0,46.0,96.0,65.0
2021-05-08,1.0,GME,"You know that guy who bought TLRY, CHPT, and MARA all at $40? Yeah, that‚Äôs me ;( But let‚Äôs hope those 3000 shares of AMC get me wet",16.0,59.0,36.0,24.0,56.0,31.0
2021-04-23,5.0,GME,Money printer go BRRRR next week? ü§ë,21.0,83.0,45.0,34.0,71.0,44.0
2021-04-30,2.0,GME,$RKT May 5 earnings YOLO,13.0,49.0,27.0,13.0,43.0,33.0
2021-05-10,3.0,GME,Is $PLTR really that good of a buy?,39.0,131.0,72.0,49.0,88.0,105.0
2021-05-07,4.0,GME,RKT = A moment of silence -_-,19.0,84.0,54.0,24.0,69.0,64.0
2021-04-16,1.0,GME,Loss porn $RIDE Feels good my dude,11.0,35.0,28.0,12.0,28.0,34.0
2021-04-16,2.0,GME,I think $RYCEY (Rolls Royce) is very undervalued,12.0,56.0,42.0,18.0,43.0,49.0
2021-05-03,1.0,GME,"I bought NOK in October before the election, bought the dips, and on April 29, 2021, bought the dip for that Day.",4.0,25.0,17.0,6.0,25.0,15.0
2021-04-18,1.0,GME,"Options chain at a glance for SPY, QQQ and VXX going into the week",12.0,33.0,25.0,16.0,25.0,29.0
2021-05-04,1.0,GME,CLOV...Way to go for 5/21,11.0,39.0,20.0,12.0,30.0,28.0
2021-04-20,2.0,GME,The mental game.,26.0,79.0,42.0,29.0,58.0,60.0
2021-04-26,1.0,GME,YOLO MVIS - Wish I had more!,4.0,10.0,11.0,7.0,8.0,10.0
2021-05-09,1.0,GME,Palantir (PLTR) Valuation Comparison with its High Growth SaaS Peers,9.0,41.0,38.0,25.0,27.0,36.0
2021-05-11,1.0,GME,I thought diversification meant buying the same stock at different brokerages: $-36k loss (atm. It's -5% premarket),7.0,13.0,12.0,5.0,13.0,14.0
2021-05-10,1.0,GME,Mark Cuban buying OTM SPY Calls and Puts at 9:50 min. Seems like he's actually like one of us but a few times smarter ü¶ßüòÇ,4.0,9.0,8.0,4.0,10.0,7.0
2021-05-06,2.0,GME,500k Going into UWMC Earnings,8.0,25.0,13.0,11.0,15.0,20.0
2021-04-27,2.0,GME,Microvision Replaces Gamestop as the most talked about stock on Reddit!? Is it TOO LATE to hop on MVIS Rocket?,25.0,52.0,29.0,25.0,46.0,35.0
2021-04-14,1.0,GME,AMC Technical Chart Analysis Comparing Two Similar Trend Lines,8.0,33.0,24.0,11.0,29.0,25.0
2021-05-02,2.0,GME,"GME, AAPL, TSLA, MVIS - All rolled into one company",13.0,32.0,24.0,16.0,21.0,32.0
2021-05-07,2.0,GME,The weekend update/discussion of the Nrd May ETF (Thought it was Thursday till 10 after 2 today didn't-write-my-homework edition),27.0,156.0,96.0,77.0,66.0,136.0
2021-04-14,2.0,GME,How to Play $COIN direct listing today,9.0,34.0,24.0,18.0,31.0,18.0
2021-05-06,1.0,GME,"ViacomCBS EPS beats by $0.30, beats on revenue. Holy!",11.0,43.0,29.0,23.0,25.0,35.0
2021-04-26,2.0,GME,"$CLF 25K Yolo, Holding Long üíé",4.0,27.0,22.0,8.0,25.0,20.0
2021-04-14,1.0,GME,I‚Äôm probably the biggest $BB bull and made a big bet only for it to become absolutely worthless. options down 90% but i‚Äôm hoping for a comeback. hopefully we will breakout of the bearish pattern. this truly is a turnaround story!!!!,8.0,22.0,18.0,12.0,17.0,19.0
2021-04-20,2.0,GME,"CLOV YOLO UPDATE - Added $24k more in options contracts. Today was GUH but with a little luck, I'll be driving a Lambo instead of needing a bus pass.",4.0,21.0,22.0,4.0,19.0,24.0
2021-05-13,1.0,GME,"Got a ‚Äúhot tip‚Äù that TSLA was about to rebound up, so I decided to finally go all in! üöÄ‚úàÔ∏èüöÑüöóüöïüö≤üèÉüèª‚Äç‚ôÇÔ∏èüö∂üèª‚Äç‚ôÇÔ∏èüë®üèª‚Äçü¶Øüßéüèª‚Äç‚ôÇÔ∏èüôáüèª",33.0,68.0,55.0,25.0,55.0,76.0
2021-05-07,1.0,GME,Left rkt because I can't handle the depression no more and joined the PLTR club ... were my boys at in at 9500 shares,29.0,66.0,36.0,31.0,40.0,60.0
2021-05-02,3.0,GME,Indicators relative to the impending market correction ( TA follow up ),22.0,75.0,38.0,25.0,50.0,60.0
2021-04-26,1.0,GME,MVIS LAZR YOLO! SHORT SQUEEZE ON!,2.0,21.0,11.0,6.0,17.0,11.0
2021-04-28,1.0,GME,Understand the potential of SRNE Pipeline - Abivertinib,6.0,15.0,27.0,5.0,13.0,30.0
2021-04-23,2.0,GME,The Weekly Market Recap for Gamblers and Degenerates - April 19th to April 23rd,7.0,20.0,10.0,9.0,14.0,14.0
2021-05-11,1.0,GME,Some institutional investors may be betting that AMC is a Gold mine even without a squeeze: They may be right.,24.0,43.0,30.0,29.0,18.0,50.0
2021-05-07,2.0,GME,NOK BULLISH AF,3.0,25.0,23.0,3.0,25.0,23.0
2021-04-20,2.0,GME,Financially secure and patient af. I can wait.,4.0,20.0,13.0,4.0,15.0,18.0
2021-04-15,1.0,GME,AMC Discussion,13.0,46.0,23.0,17.0,34.0,31.0
2021-05-11,1.0,GME,"$FUBO - Archegos, Misreported Earnings, and the Quiet Period",4.0,33.0,27.0,12.0,25.0,27.0
